State,Real,Imag
0,0.500000,0.000000
1,0.500000,0.000000
2,0.500000,0.000000
3,0.500000,0.000000
