State,Real,Imag
0,0.707107,0.000000
1,0.088388,0.444358
2,0.000000,0.000000
3,0.088388,0.132283
4,0.000000,0.000000
5,0.088388,0.059059
6,0.000000,0.000000
7,0.088388,0.017582
8,0.000000,0.000000
9,0.088388,-0.017582
10,0.000000,0.000000
11,0.088388,-0.059059
12,0.000000,0.000000
13,0.088388,-0.132283
14,0.000000,0.000000
15,0.088388,-0.444358
