State,Real,Imag
0,0.707107,0.000000
1,0.353553,0.353553
2,0.000000,0.000000
3,0.353553,-0.353553
